BASE,4099614.797,568610.850,8.382,base
0003,4099623.013,568601.300,8.232,topo
0004,4099647.278,568579.172,7.887,cp01
0005,4099652.908,568591.758,3.692,topo
0006,4099652.920,568591.741,3.687,topo
0007,4099657.550,568594.706,3.887,topo
0008,4099660.324,568589.728,2.822,topo
0009,4099663.744,568592.549,2.714,topo
0010,4099663.518,568594.310,3.034,topo
0011,4099666.085,568597.979,3.112,topo
0012,4099670.557,568602.446,3.111,topo
0013,4099674.457,568602.584,2.439,topo
0014,4099675.675,568606.607,3.380,topo
0015,4099681.296,568608.782,2.722,topo
0016,4099683.723,568611.041,3.213,topo
0017,4099685.693,568612.599,3.492,topo
0018,4099688.951,568613.886,2.839,topo
0019,4099691.398,568616.326,3.147,topo
0020,4099695.400,568619.014,2.993,topo
0021,4099699.620,568623.320,3.118,topo
0022,4099705.591,568627.731,3.154,topo
0023,4099705.657,568627.800,3.162,topo
0024,4099710.356,568632.485,3.104,topo
0025,4099711.992,568638.368,3.340,topo
0026,4099715.188,568640.789,3.113,topo
0027,4099720.306,568644.425,3.229,topo
0028,4099723.887,568650.367,3.225,topo
0029,4099727.762,568649.513,2.863,topo
0030,4099727.801,568654.163,3.178,topo
0031,4099733.280,568655.193,3.041,topo
0032,4099734.260,568660.646,3.353,topo
0033,4099738.119,568661.774,3.191,topo
0034,4099739.045,568665.882,3.416,topo
0035,4099742.217,568667.176,3.339,topo
0036,4099745.385,568672.212,3.368,topo
0037,4099746.327,568673.801,3.534,topo
0038,4099746.506,568670.987,2.680,wse
0039,4099743.712,568667.600,2.739,wse
0040,4099740.652,568662.228,2.679,wse
0041,4099732.105,568649.105,2.653,wse
0042,4099729.272,568647.289,2.683,wse
0043,4099723.359,568641.980,2.685,wse
0044,4099704.416,568622.671,2.668,wse
0045,4099690.814,568613.371,2.691,wse
0046,4099681.606,568599.885,2.018,topo
0047,4099678.649,568603.679,2.463,topo
0048,4099682.149,568606.835,2.481,topo
0049,4099682.584,568608.845,2.681,wse
0050,4099680.072,568607.395,2.677,wse
0051,4099678.564,568603.056,2.432,topo
0052,4099675.677,568600.468,2.369,topo
0053,4099673.075,568601.985,2.684,wse
0054,4099668.406,568597.800,2.654,wse
0055,4099664.576,568593.112,2.665,wse
0056,4099660.821,568588.970,2.662,wse
0057,4099656.872,568582.492,2.692,wse
0058,4099659.477,568584.386,2.287,topo
0059,4099662.080,568588.626,2.344,topo
0060,4099664.666,568589.576,1.966,topo
0061,4099666.531,568593.096,2.456,topo
0062,4099669.309,568593.332,2.223,topo
0063,4099669.659,568596.571,2.318,topo
0064,4099672.303,568595.286,2.177,topo
0065,4099674.592,568593.992,1.896,topo
0066,4099677.072,568595.297,1.942,topo
0067,4099680.264,568596.246,1.950,topo
0068,4099683.101,568596.553,2.154,topo
0069,4099684.053,568599.872,2.175,topo
0070,4099688.414,568599.546,2.225,topo
0071,4099690.873,568597.433,2.052,topo
0072,4099693.956,568599.134,2.053,topo
0073,4099692.927,568601.938,2.201,topo
0074,4099692.083,568606.223,2.341,topo
0075,4099695.387,568608.621,2.273,topo
0076,4099699.164,568608.944,2.231,topo
0077,4099704.833,568609.715,2.098,topo
0078,4099703.989,568613.358,2.381,topo
0079,4099703.698,568616.956,2.273,topo
0080,4099706.123,568619.439,2.345,topo
0081,4099709.294,568617.853,2.373,topo
0082,4099712.613,568616.332,2.346,topo
0083,4099716.498,568616.031,2.129,topo
0084,4099719.942,568617.917,2.045,topo
0085,4099717.991,568620.582,2.421,topo
0086,4099714.516,568623.258,2.422,topo
0087,4099714.427,568626.939,2.341,topo
0088,4099717.886,568627.113,2.462,topo
0089,4099721.405,568624.968,2.446,topo
0090,4099724.175,568623.492,2.422,topo
0091,4099726.990,568623.966,2.063,topo
0092,4099728.593,568626.786,2.305,topo
0093,4099725.648,568629.520,2.383,topo
0094,4099722.297,568633.089,2.435,topo
0095,4099722.456,568636.051,2.446,topo
0096,4099722.853,568638.756,2.348,topo
0097,4099723.898,568640.528,2.372,topo
0098,4099725.720,568639.334,2.433,topo
0099,4099729.397,568636.865,2.343,topo
0100,4099732.480,568634.688,2.266,topo
0101,4099733.411,568633.291,2.239,topo
0102,4099735.678,568632.496,2.211,topo
0103,4099737.735,568632.973,1.924,topo
0104,4099736.608,568635.997,2.238,topo
0105,4099734.280,568640.150,2.246,topo
0106,4099731.728,568645.244,2.318,topo
0107,4099733.268,568648.247,2.249,topo
0108,4099736.994,568647.697,2.205,topo
0109,4099742.413,568646.121,2.183,topo
0110,4099743.915,568650.738,2.130,topo
0111,4099741.095,568656.195,2.160,topo
0112,4099740.641,568658.956,2.036,topo
0113,4099742.591,568661.577,2.019,topo
0114,4099746.490,568661.076,1.898,topo
0115,4099747.250,568654.695,1.822,topo
0116,4099747.169,568650.420,1.818,topo
0117,4099745.962,568645.303,1.844,topo
0118,4099743.923,568639.945,1.824,topo
0119,4099735.804,568636.061,2.238,topo
0120,4099727.676,568629.143,2.371,topo
0121,4099721.114,568621.294,2.399,topo
0122,4099715.454,568616.164,2.243,topo
0123,4099711.887,568612.261,2.084,topo
0124,4099708.736,568609.664,1.972,topo
0125,4099705.921,568607.558,1.966,topo
0126,4099701.779,568603.281,1.883,topo
0127,4099697.242,568600.341,1.970,topo
0128,4099693.397,568598.748,2.073,topo
0129,4099689.988,568596.551,2.008,topo
0130,4099686.909,568594.737,1.911,topo
0131,4099683.853,568593.560,1.910,topo
0132,4099680.318,568593.081,1.952,topo
0133,4099677.450,568592.557,1.946,topo
0134,4099674.561,568591.821,1.937,topo
0135,4099672.490,568591.897,1.927,topo
0136,4099669.659,568591.730,1.827,topo
0137,4099667.688,568589.102,1.846,topo
0138,4099664.631,568587.290,1.809,topo
0139,4099662.595,568585.835,1.787,topo
0140,4099660.239,568583.643,1.770,topo
0141,4099657.868,568580.725,2.084,topo
0142,4099656.803,568578.218,2.005,topo
0143,4099655.002,568577.359,2.695,wse
0144,4099654.574,568575.445,2.676,wse
0145,4099653.338,568573.653,2.950,wse
0146,4099654.600,568572.321,2.112,topo
0147,4099655.673,568572.911,1.729,topo
0148,4099641.767,568559.781,2.654,wse
0149,4099639.401,568556.763,2.665,wse
0150,4099636.295,568552.018,2.678,wse
0151,4099634.091,568548.517,2.674,wse
0152,4099631.670,568544.108,2.668,wse
0153,4099630.231,568539.119,2.682,wse
0154,4099633.113,568538.268,2.683,wse
0155,4099637.206,568540.907,2.691,wse
0156,4099641.419,568539.562,2.652,wse
0157,4099644.873,568537.302,2.664,wse
0158,4099649.415,568534.023,2.675,wse
0159,4099654.183,568532.755,2.676,wse
0160,4099658.481,568532.491,2.667,wse
0161,4099662.578,568529.117,2.641,wse
0162,4099664.390,568523.114,2.676,wse
0163,4099667.696,568517.662,2.653,wse
0164,4099667.902,568519.255,2.336,topo
0165,4099664.802,568518.254,3.087,topo
0166,4099658.212,568516.188,3.403,topo
0167,4099658.214,568520.880,3.282,topo
0168,4099661.390,568523.997,3.192,topo
0169,4099661.944,568527.585,2.865,topo
0170,4099657.320,568525.800,3.218,topo
0171,4099649.927,568523.627,3.355,topo
0172,4099643.906,568524.773,3.371,topo
0173,4099645.661,568529.645,3.191,topo
0174,4099647.100,568533.663,2.864,topo
0175,4099645.095,568538.282,2.524,topo
0176,4099641.433,568535.762,2.840,topo
0177,4099637.107,568532.243,3.068,topo
0178,4099632.079,568527.842,3.502,topo
0179,4099627.853,568528.282,3.871,topo
0180,4099624.975,568531.226,4.294,topo
0181,4099620.561,568531.813,4.414,topo
0182,4099623.977,568535.180,4.224,topo
0183,4099626.069,568536.350,4.043,topo
0184,4099628.869,568537.514,3.180,topo
0185,4099629.848,568539.716,2.876,topo
0186,4099627.582,568542.195,3.813,topo
0187,4099625.185,568545.653,3.908,topo
0188,4099629.611,568546.182,3.721,topo
0189,4099632.273,568547.169,2.985,topo
0190,4099631.477,568549.393,3.594,topo
0191,4099628.226,568553.328,3.655,topo
0192,4099630.307,568557.451,3.582,topo
0193,4099634.335,568556.236,3.484,topo
0194,4099636.491,568556.096,3.336,topo
0195,4099638.161,568556.184,2.819,topo
0196,4099639.563,568559.000,3.010,topo
0197,4099636.649,568560.533,3.380,topo
0198,4099639.669,568561.458,3.373,rock
0199,4099641.468,568561.934,3.741,rock
0200,4099640.916,568563.213,4.377,rock
0201,4099642.546,568565.056,4.700,rock
0202,4099643.632,568564.914,3.489,rock
0203,4099645.486,568561.546,1.969,topo
0204,4099642.636,568559.485,2.363,topo
0205,4099640.742,568556.090,2.066,topo
0206,4099638.532,568553.008,2.115,topo
0207,4099636.820,568550.220,2.076,topo
0208,4099635.458,568548.360,2.133,topo
0209,4099634.025,568545.788,2.048,topo
0210,4099632.748,568543.428,2.050,topo
0211,4099631.838,568539.956,2.006,topo
0212,4099633.874,568539.923,2.110,topo
0213,4099636.701,568541.760,2.222,topo
0214,4099638.959,568542.936,2.226,topo
0215,4099639.957,568541.446,2.602,topo
0216,4099641.843,568543.074,2.095,topo
0217,4099644.075,568542.390,1.884,topo
0218,4099645.382,568540.934,1.852,topo
0219,4099644.958,568539.171,2.387,topo
0220,4099647.803,568539.009,1.720,topo
0221,4099647.898,568537.136,2.180,topo
0222,4099649.321,568535.114,2.469,topo
0223,4099650.637,568536.400,1.763,topo
0224,4099652.596,568534.986,1.848,topo
0225,4099654.419,568533.930,2.318,topo
0226,4099656.405,568534.965,2.033,topo
0227,4099658.552,568533.657,2.468,topo
0228,4099659.763,568535.283,1.991,topo
0229,4099659.757,568537.375,1.858,topo
0230,4099662.196,568535.875,1.966,topo
0231,4099664.016,568533.093,2.068,topo
0232,4099664.354,568529.496,2.068,topo
0233,4099666.346,568530.497,1.952,topo
0234,4099668.458,568533.559,2.135,topo
0235,4099670.544,568535.588,2.342,topo
0236,4099666.473,568538.043,2.012,topo
0237,4099666.972,568540.511,1.777,topo
0238,4099668.988,568539.191,2.132,topo
0239,4099670.895,568537.879,2.412,topo
0240,4099671.492,568533.928,2.693,wse
0241,4099672.292,568536.335,2.688,wse
0242,4099672.461,568538.229,2.704,wse
0243,4099672.375,568539.627,2.661,wse
0244,4099673.610,568536.562,3.645,rock
0245,4099674.424,568535.698,3.871,rock
0246,4099673.728,568533.998,3.698,rock
0247,4099672.152,568533.507,3.341,rock
0248,4099680.955,568548.992,3.034,rock
0249,4099682.634,568549.685,3.423,rock
0250,4099684.946,568551.266,3.736,rock
0251,4099685.836,568552.719,3.458,rock
0252,4099686.884,568556.046,3.160,topo
0253,4099685.648,568556.285,2.659,wse
0254,4099684.309,568554.660,2.672,wse
0255,4099682.466,568552.190,2.668,wse
0256,4099680.711,568553.114,1.775,topo
0257,4099678.923,568552.123,1.802,topo
0258,4099676.698,568552.484,1.896,topo
0259,4099675.651,568555.883,1.761,topo
0260,4099677.958,568555.888,1.835,topo
0261,4099681.196,568556.323,1.929,topo
0262,4099683.864,568557.948,1.800,topo
0263,4099682.512,568560.996,1.815,topo
0264,4099681.744,568563.154,1.794,topo
0265,4099684.261,568564.158,1.778,topo
0266,4099687.221,568562.642,1.952,topo
0267,4099689.022,568564.440,1.843,topo
0268,4099686.622,568566.953,1.788,topo
0269,4099683.813,568569.702,1.934,topo
0270,4099681.663,568572.481,1.960,topo
0271,4099681.117,568576.324,1.825,topo
0272,4099684.627,568575.587,1.931,topo
0273,4099687.360,568574.050,1.946,topo
0274,4099691.091,568570.924,1.768,topo
0275,4099693.203,568573.465,1.787,topo
0276,4099695.880,568574.466,1.765,topo
0277,4099696.616,568578.068,1.799,topo
0278,4099693.993,568581.306,1.890,topo
0279,4099692.740,568584.073,1.682,topo
0280,4099697.286,568583.059,1.880,topo
0281,4099700.385,568581.582,1.790,topo
0282,4099702.439,568583.824,1.793,topo
0283,4099700.585,568587.203,1.801,topo
0284,4099702.318,568588.782,1.756,topo
0285,4099705.298,568587.004,1.787,topo
0286,4099707.982,568589.685,1.797,topo
0287,4099708.151,568592.777,1.708,topo
0288,4099710.935,568593.203,1.763,topo
0289,4099712.683,568590.708,1.796,topo
0290,4099715.846,568590.409,1.865,topo
0291,4099717.035,568592.601,1.763,topo
0292,4099716.635,568593.930,1.652,topo
0293,4099712.279,568595.100,1.707,topo
0294,4099713.584,568596.576,1.680,topo
0295,4099715.235,568598.119,1.687,topo
0296,4099715.887,568600.217,1.628,topo
0297,4099717.976,568600.714,1.677,topo
0298,4099719.569,568600.803,1.675,topo
0299,4099720.329,568599.789,2.678,wse
0300,4099723.387,568598.125,2.919,topo
0301,4099725.788,568596.036,3.097,topo
0302,4099720.891,568595.793,2.947,topo
0303,4099720.344,568594.847,2.685,wse
0304,4099717.865,568597.028,2.676,wse
0305,4099726.294,568598.530,3.030,topo
0306,4099728.622,568602.347,3.086,topo
0307,4099732.094,568602.821,3.253,topo
0308,4099735.747,568604.848,3.183,topo
0309,4099727.952,568605.674,2.994,topo
0310,4099726.381,568605.708,2.669,wse
0311,4099728.098,568608.288,2.719,wse
0312,4099730.728,568610.121,2.671,wse
0313,4099730.638,568608.845,3.109,topo
0314,4099734.268,568607.339,3.165,topo
0315,4099736.675,568608.373,3.420,topo
0316,4099735.593,568611.211,3.203,topo
0317,4099735.767,568613.667,3.166,topo
0318,4099734.350,568612.703,2.682,wse
0319,4099736.213,568615.225,2.696,wse
0320,4099736.904,568614.312,3.224,topo
0321,4099738.789,568613.044,3.353,topo
0322,4099740.848,568614.275,3.581,topo
0323,4099741.583,568612.611,4.073,levee
0324,4099739.273,568609.482,3.925,levee
0325,4099744.069,568615.279,4.314,levee
0326,4099747.022,568618.386,4.393,levee
0327,4099744.625,568617.553,3.747,topo
0328,4099741.840,568616.140,3.455,topo
0329,4099737.920,568615.573,3.209,topo
0330,4099738.578,568617.555,3.058,topo
0331,4099737.236,568616.425,2.673,wse
0332,4099740.320,568619.756,2.638,wse
0333,4099740.141,568618.447,3.068,topo
0334,4099743.590,568619.536,3.230,topo
0335,4099742.353,568621.564,3.082,topo
0336,4099743.366,568623.345,2.664,wse
0337,4099745.121,568623.564,3.112,topo
0338,4099746.328,568622.114,3.340,topo
0339,4099748.405,568622.666,3.569,topo
0340,4099748.259,568625.592,3.323,topo
0341,4099746.236,568626.689,3.038,topo
0342,4099747.642,568629.007,2.682,wse
0343,4099748.243,568628.643,3.152,topo
0344,4099749.970,568626.942,3.396,topo
0345,4099752.294,568629.977,3.424,topo
0346,4099750.993,568631.772,3.128,topo
0347,4099751.497,568633.146,2.657,wse
0348,4099754.508,568633.995,3.343,topo
0349,4099755.393,568636.469,3.132,topo
0350,4099755.555,568636.901,2.684,wse
0351,4099756.885,568636.322,3.401,topo
0352,4099759.331,568637.000,3.784,topo
0353,4099759.311,568640.831,3.132,topo
0354,4099759.942,568642.683,2.716,wse
0355,4099761.691,568643.008,3.247,topo
0356,4099763.639,568641.423,3.758,topo
0357,4099763.219,568644.725,3.324,topo
0358,4099765.475,568644.147,3.732,topo
0359,4099767.906,568642.838,4.762,levee
0360,4099766.593,568646.746,3.773,topo
0361,4099767.004,568648.656,3.168,topo
0362,4099768.748,568650.966,3.069,topo
0363,4099769.726,568652.150,3.010,topo
0364,4099771.440,568653.836,3.071,topo
0365,4099773.236,568655.531,3.095,topo
0366,4099775.240,568656.690,3.219,topo
0367,4099777.760,568658.806,3.244,topo
0368,4099778.996,568660.158,3.074,topo
0369,4099775.809,568660.778,2.856,topo
0370,4099763.267,568654.767,1.988,topo
0371,4099761.370,568654.546,1.961,topo
0372,4099761.281,568652.790,1.819,topo
0373,4099764.199,568656.473,2.287,topo
0374,4099761.826,568656.937,2.333,topo
0375,4099761.000,568657.972,2.106,topo
0376,4099763.291,568658.358,2.264,topo
0377,4099766.163,568659.037,2.244,topo
0378,4099766.333,568661.760,2.283,topo
0379,4099763.905,568662.049,2.324,topo
0380,4099760.796,568662.995,2.273,topo
0381,4099759.411,568664.426,2.102,topo
0382,4099759.071,568667.132,2.096,topo
0383,4099761.583,568666.486,2.241,topo
0384,4099764.450,568665.090,2.297,topo
0385,4099767.162,568665.113,2.289,topo
0386,4099767.303,568667.396,2.098,topo
0387,4099765.410,568668.753,2.465,topo
0388,4099762.242,568669.840,2.287,topo
0389,4099758.665,568671.393,2.016,topo
0390,4099759.063,568673.727,1.860,topo
0391,4099761.174,568673.678,2.236,topo
0392,4099764.436,568673.147,2.388,topo
0393,4099768.235,568672.825,2.314,topo
0394,4099770.091,568673.879,2.207,topo
0395,4099769.505,568676.562,2.201,topo
0396,4099766.437,568676.312,2.400,topo
0397,4099762.713,568677.135,2.262,topo
0398,4099760.185,568679.474,1.962,topo
0399,4099761.151,568682.438,2.020,topo
0400,4099763.390,568681.592,2.250,topo
0401,4099765.940,568680.932,2.361,topo
0402,4099769.397,568681.457,2.264,topo
0403,4099768.078,568683.418,2.320,topo
0404,4099764.787,568683.803,2.241,topo
0405,4099761.929,568684.210,2.051,topo
0406,4099761.440,568686.184,1.829,topo
0407,4099763.920,568686.083,2.172,topo
0408,4099766.670,568685.995,2.255,topo
0409,4099769.538,568686.783,2.304,topo
0410,4099769.019,568689.026,2.309,topo
0411,4099766.171,568690.330,2.170,topo
0412,4099764.052,568691.958,1.888,topo
0413,4099764.824,568693.568,1.942,topo
0414,4099767.332,568693.282,2.171,topo
0415,4099770.953,568694.599,2.381,topo
0416,4099769.469,568696.113,2.203,topo
0417,4099767.088,568697.359,1.969,topo
0418,4099766.775,568699.348,1.850,topo
0419,4099769.300,568699.112,2.175,topo
0420,4099772.593,568700.028,2.360,topo
0421,4099771.852,568701.622,2.192,topo
0422,4099769.560,568702.398,2.050,topo
0423,4099767.755,568703.843,1.739,topo
0424,4099768.422,568705.475,1.814,topo
0425,4099770.149,568704.714,2.067,topo
0426,4099772.317,568704.432,2.226,topo
0427,4099774.030,568705.207,2.195,topo
0428,4099771.443,568706.832,1.988,topo
0429,4099769.303,568708.342,1.849,topo
0430,4099770.330,568710.385,1.903,topo
0431,4099772.698,568709.020,2.045,topo
0432,4099775.343,568707.493,2.076,topo
0433,4099776.859,568709.242,2.023,topo
0434,4099774.485,568711.426,2.082,topo
0435,4099772.952,568712.793,2.184,topo
0436,4099772.168,568713.947,1.750,topo
0437,4099772.747,568715.583,1.827,topo
0438,4099773.575,568714.745,2.207,topo
0439,4099776.471,568713.990,2.116,topo
0440,4099778.296,568712.891,2.042,topo
0441,4099778.562,568710.542,2.203,topo
0442,4099780.130,568709.374,2.656,wse
0443,4099779.823,568713.036,1.971,topo
0444,4099777.728,568714.683,2.123,topo
0445,4099775.858,568716.734,2.207,topo
0446,4099774.595,568718.619,1.921,topo
0447,4099775.788,568720.535,1.980,topo
0448,4099777.500,568719.333,2.193,topo
0449,4099779.588,568717.497,2.178,topo
0450,4099782.512,568717.443,2.130,topo
0451,4099783.424,568719.820,2.158,topo
0452,4099780.797,568720.632,2.201,topo
0453,4099778.149,568722.038,2.121,topo
0454,4099777.723,568723.659,1.971,topo
0455,4099777.943,568725.186,1.968,topo
0456,4099779.330,568724.722,1.998,topo
0457,4099781.185,568723.716,2.193,topo
0458,4099783.533,568722.519,2.187,topo
0459,4099785.698,568721.672,2.146,topo
0460,4099787.115,568720.557,2.085,topo
0461,4099787.720,568723.552,2.145,topo
0462,4099785.723,568725.685,2.238,topo
0463,4099783.848,568728.140,2.114,topo
0464,4099782.010,568730.337,1.986,topo
0465,4099781.645,568732.011,1.842,topo
0466,4099784.117,568731.737,2.049,topo
0467,4099786.825,568730.093,2.205,topo
0468,4099789.663,568728.537,2.290,topo
0469,4099791.624,568726.721,2.130,topo
0470,4099792.208,568724.953,2.001,topo
0471,4099793.977,568727.578,2.189,topo
0472,4099792.136,568730.271,2.310,topo
0473,4099790.354,568733.042,2.228,topo
0474,4099788.631,568736.383,2.053,topo
0475,4099787.945,568738.598,1.838,topo
0476,4099790.336,568739.480,1.984,topo
0477,4099791.971,568736.868,2.170,topo
0478,4099793.634,568734.630,2.299,topo
0479,4099795.598,568732.285,2.308,topo
0480,4099798.217,568730.640,2.143,topo
0481,4099799.927,568730.617,2.124,topo
0482,4099798.908,568733.993,2.301,topo
0483,4099796.973,568737.184,2.290,topo
0484,4099794.918,568740.014,2.113,topo
0485,4099793.686,568742.860,1.902,topo
0486,4099795.048,568744.423,1.800,topo
0487,4099796.636,568742.613,2.078,topo
0488,4099798.664,568740.538,2.202,topo
0489,4099801.050,568737.471,2.315,topo
0490,4099803.337,568734.414,2.115,topo
0491,4099803.722,568731.108,2.068,topo
0492,4099804.063,568730.192,2.704,wse
0493,4099804.411,568734.246,2.097,topo
0494,4099802.642,568737.364,2.287,topo
0495,4099800.543,568740.781,2.230,topo
0496,4099799.039,568744.214,2.033,topo
0497,4099799.429,568746.909,1.897,topo
0498,4099802.133,568745.263,2.072,topo
0499,4099804.741,568743.078,2.210,topo
0500,4099807.070,568741.087,2.241,topo
0501,4099809.313,568739.166,2.141,topo
0502,4099811.852,568738.611,2.137,topo
0503,4099810.662,568741.184,2.169,topo
0504,4099809.545,568743.732,2.209,topo
0505,4099808.565,568746.243,2.114,topo
0506,4099807.031,568749.037,2.008,topo
0507,4099805.876,568751.647,1.861,topo
0508,4099805.523,568752.899,1.727,topo
0509,4099807.966,568753.511,1.848,topo
0510,4099809.250,568751.433,1.942,topo
0511,4099811.572,568748.284,2.100,topo
0512,4099813.392,568745.528,2.188,topo
0513,4099816.167,568743.627,2.085,topo
0514,4099816.545,568745.638,2.105,topo
0515,4099815.709,568748.758,2.120,topo
0516,4099814.760,568751.465,2.008,topo
0517,4099813.609,568754.412,1.896,topo
0518,4099814.237,568757.049,1.860,topo
0519,4099816.677,568757.744,1.878,topo
0520,4099818.065,568754.951,1.966,topo
0521,4099819.835,568751.935,2.039,topo
0522,4099820.723,568749.104,2.123,topo
0523,4099820.851,568746.685,2.005,topo
0524,4099821.138,568744.441,2.150,topo
0525,4099821.657,568742.723,2.700,wse
0526,4099821.803,568746.777,1.984,topo
0527,4099821.604,568751.111,2.063,topo
0528,4099821.358,568755.167,1.981,topo
0529,4099819.295,568758.191,1.882,topo
0530,4099820.333,568760.613,1.641,topo
0531,4099822.241,568759.150,1.931,topo
0532,4099822.936,568756.753,1.949,topo
0533,4099825.222,568754.915,1.981,topo
0534,4099824.703,568751.346,2.069,topo
0535,4099827.559,568750.489,1.976,topo
0536,4099826.818,568748.014,2.084,topo
0537,4099828.222,568746.943,2.692,wse
0538,4099828.288,568748.152,2.100,topo
0539,4099828.780,568749.511,2.097,topo
0540,4099827.148,568752.374,2.010,topo
0541,4099825.904,568756.018,2.005,topo
0542,4099824.389,568759.244,1.960,topo
0543,4099824.105,568761.911,1.712,topo
0544,4099826.872,568762.568,1.869,topo
0545,4099828.092,568759.576,1.922,topo
0546,4099829.588,568756.075,2.018,topo
0547,4099831.601,568754.312,1.949,topo
0548,4099831.056,568751.028,2.059,topo
0549,4099833.763,568751.578,2.122,topo
0550,4099833.748,568749.056,2.722,wse
0551,4099832.270,568754.363,1.962,topo
0552,4099831.258,568758.064,1.973,topo
0553,4099830.480,568761.454,1.936,topo
0554,4099830.007,568764.124,1.863,topo
0555,4099831.943,568765.127,1.755,topo
0556,4099833.445,568762.931,1.942,topo
0557,4099835.027,568760.292,1.968,topo
0558,4099837.187,568758.201,1.941,topo
0559,4099839.220,568756.054,2.030,topo
0560,4099842.023,568756.224,1.871,topo
0561,4099840.769,568760.022,1.981,topo
0562,4099839.680,568763.443,1.989,topo
0563,4099838.761,568766.349,1.935,topo
0564,4099839.892,568768.481,1.814,topo
0565,4099841.912,568768.993,1.800,topo
0566,4099843.137,568765.902,1.955,topo
0567,4099845.184,568762.514,1.949,topo
0568,4099847.317,568758.765,1.892,topo
0569,4099849.400,568759.854,1.884,topo
0570,4099848.493,568763.337,1.926,topo
0571,4099847.651,568766.611,1.975,topo
0572,4099847.379,568769.723,1.881,topo
0573,4099844.894,568770.843,1.665,topo
0574,4099844.136,568773.022,1.764,topo
0575,4099845.505,568771.574,1.760,topo
0576,4099847.315,568768.876,1.998,topo
0577,4099849.016,568765.552,1.930,topo
0578,4099851.266,568762.227,1.903,topo
0579,4099852.875,568757.978,2.688,wse
0580,4099849.675,568757.081,2.127,topo
0581,4099850.336,568756.895,2.701,wse
0582,4099852.170,568761.508,1.903,topo
0583,4099852.193,568764.737,1.927,topo
0584,4099852.239,568768.440,2.002,topo
0585,4099850.658,568770.857,1.828,topo
0586,4099850.434,568773.448,2.070,topo
0587,4099852.019,568776.167,1.731,topo
0588,4099853.390,568773.927,2.029,topo
0589,4099854.973,568771.025,2.048,topo
0590,4099857.030,568767.541,1.943,topo
0591,4099859.126,568764.696,1.872,topo
0592,4099861.536,568762.631,1.901,topo
0593,4099861.340,568761.606,2.667,wse
0594,4099861.961,568765.048,1.931,topo
0595,4099861.182,568768.066,1.925,topo
0596,4099860.142,568772.016,2.088,topo
0597,4099859.411,568775.745,1.791,topo
0598,4099858.694,568777.920,2.043,topo
0599,4099858.171,568780.583,1.781,topo
0600,4099860.705,568777.167,1.903,topo
0601,4099862.076,568774.856,2.094,topo
0602,4099863.896,568771.577,2.036,topo
0603,4099866.414,568767.568,1.827,topo
0604,4099868.531,568767.995,1.842,topo
0605,4099867.775,568770.242,1.992,topo
0606,4099866.402,568773.667,2.088,topo
0607,4099865.288,568777.357,2.039,topo
0608,4099867.397,568781.265,1.931,topo
0609,4099868.415,568779.039,2.039,topo
0610,4099869.968,568775.474,2.102,topo
0611,4099871.326,568772.861,2.025,topo
0612,4099872.915,568769.684,1.899,topo
0613,4099875.439,568781.514,2.061,topo
0614,4099876.785,568780.013,2.072,topo
0615,4099877.769,568777.745,2.052,topo
0616,4099879.208,568775.235,1.997,topo
0617,4099880.244,568772.876,1.949,topo
0618,4099880.532,568770.001,1.928,topo
0619,4099882.179,568770.896,1.880,topo
0620,4099881.836,568774.310,1.994,topo
0621,4099880.824,568777.763,2.004,topo
0622,4099879.337,568781.955,2.060,topo
0623,4099879.454,568783.990,2.025,topo
0624,4099882.394,568784.723,1.969,topo
0625,4099882.045,568781.791,2.076,topo
0626,4099881.629,568778.424,2.028,topo
0627,4099882.485,568775.149,1.992,topo
0628,4099883.637,568772.124,1.922,topo
0629,4099886.210,568771.425,1.921,topo
0630,4099889.347,568770.213,2.668,wse
0631,4099889.392,568772.773,1.854,topo
0632,4099886.858,568774.128,1.995,topo
0633,4099885.317,568778.988,1.994,topo
0634,4099883.862,568783.543,2.012,topo
0635,4099884.141,568786.211,1.963,topo
0636,4099886.190,568787.911,1.866,topo
0637,4099887.447,568784.437,2.068,topo
0638,4099889.104,568780.821,1.987,topo
0639,4099890.458,568777.147,1.996,topo
0640,4099893.245,568775.032,1.895,topo
0641,4099893.295,568776.523,1.968,topo
0642,4099892.065,568779.956,1.985,topo
0643,4099890.898,568782.865,1.962,topo
0644,4099889.630,568785.788,2.091,topo
0645,4099889.206,568788.934,1.874,topo
0646,4099889.659,568790.951,1.861,topo
0647,4099893.924,568789.937,2.182,topo
0648,4099895.782,568790.286,2.228,topo
0649,4099893.782,568787.195,2.078,topo
0650,4099894.373,568783.984,1.974,topo
0651,4099896.107,568780.673,1.994,topo
0652,4099898.378,568776.652,2.039,topo
0653,4099898.388,568780.256,1.843,topo
0654,4099898.283,568783.493,2.038,topo
0655,4099899.139,568786.413,1.990,topo
0656,4099899.561,568788.816,1.877,topo
0657,4099903.338,568790.125,2.006,topo
0658,4099904.863,568786.711,2.046,topo
0659,4099907.867,568785.596,2.026,topo
0660,4099906.889,568789.571,2.064,topo
0661,4099907.184,568792.177,2.031,topo
0662,4099910.523,568793.353,2.000,topo
0663,4099911.578,568791.282,1.967,topo
0664,4099912.651,568789.208,1.799,topo
0665,4099916.109,568788.812,2.020,topo
0666,4099918.921,568786.476,2.319,topo
0667,4099921.970,568787.066,2.198,topo
0668,4099920.658,568790.293,2.134,topo
0669,4099921.426,568793.738,1.818,topo
0670,4099924.125,568793.961,1.865,topo
0671,4099925.159,568791.254,2.172,topo
0672,4099925.043,568787.538,2.286,topo
0673,4099927.126,568786.333,2.697,wse
0674,4099929.235,568787.714,2.343,topo
0675,4099928.897,568790.913,2.087,topo
0676,4099929.288,568794.332,1.880,topo
0677,4099931.517,568797.054,1.935,topo
0678,4099933.434,568798.921,2.064,topo
0679,4099934.146,568795.840,1.972,topo
0680,4099935.736,568791.333,1.968,topo
0681,4099937.466,568794.180,1.943,topo
0682,4099938.266,568797.355,2.072,topo
0683,4099939.972,568801.179,2.045,topo
0684,4099942.161,568799.373,2.150,topo
0685,4099944.445,568802.772,2.216,topo
0686,4099944.263,568798.885,2.131,topo
0687,4099943.461,568794.980,2.017,topo
0688,4099943.155,568791.717,1.937,topo
0689,4099946.555,568791.445,1.855,topo
0690,4099947.324,568795.003,2.072,topo
0691,4099950.113,568799.268,2.082,topo
0692,4099951.502,568795.443,2.144,topo
0693,4099951.920,568790.419,1.862,topo
0694,4099955.808,568791.743,2.017,topo
0695,4099956.474,568795.958,2.145,topo
0696,4099956.270,568800.729,2.161,topo
0697,4099959.958,568799.397,2.174,topo
0698,4099960.145,568796.062,2.105,topo
0699,4099960.266,568791.710,1.956,topo
0700,4099965.250,568792.188,1.916,topo
0701,4099966.824,568789.967,1.725,topo
0702,4099968.157,568793.667,1.990,topo
0703,4099968.904,568797.346,2.125,topo
0704,4099971.443,568796.153,2.127,topo
0705,4099973.123,568792.745,1.896,topo
0706,4099975.245,568792.387,1.862,topo
0707,4099975.988,568794.821,2.079,topo
0708,4099974.786,568798.534,2.117,topo
0709,4099980.487,568797.185,2.238,topo
0710,4099980.817,568794.709,2.061,topo
0711,4099982.046,568792.180,1.846,topo
0712,4099994.799,568795.424,2.055,topo
0713,4099998.960,568793.700,2.034,topo
0714,4100001.330,568793.918,2.055,topo
0715,4100002.380,568792.625,2.474,topo
0716,4100002.625,568790.525,2.368,topo
0717,4100003.655,568793.797,2.391,topo
0718,4100006.972,568798.329,1.780,topo
0719,4100008.726,568797.700,2.250,topo
0720,4100010.008,568799.543,1.775,topo
0721,4100011.976,568797.555,2.252,topo
0722,4100015.443,568794.516,2.301,topo
0723,4100015.571,568796.294,2.256,topo
0724,4100015.539,568798.664,2.228,topo
0725,4100001.596,568793.918,2.096,topo
0726,4099999.917,568793.119,2.070,topo
0727,4099997.944,568793.654,2.047,topo
0728,4099994.948,568793.364,2.052,topo
0729,4099983.960,568791.110,1.813,topo
0730,4099978.898,568791.653,1.787,topo
0731,4099971.194,568793.150,1.985,topo
0732,4099965.163,568796.667,2.102,topo
0733,4099961.899,568797.629,2.135,topo
0734,4099958.272,568791.953,2.045,topo
0735,4099948.408,568792.232,1.961,topo
0736,4099940.557,568793.321,1.942,topo
0737,4099933.034,568792.339,2.073,topo
0738,4099919.018,568793.456,1.836,topo
0739,4099917.680,568790.458,2.006,topo
0740,4099913.363,568794.158,1.791,topo
0741,4099910.659,568787.753,1.990,topo
0742,4099902.809,568782.974,2.092,topo
0743,4099896.203,568775.065,1.976,topo
0744,4099893.943,568779.042,1.947,topo
0745,4099872.787,568779.808,2.081,topo
0746,4099873.449,568776.661,2.099,topo
0747,4099874.411,568772.268,1.982,topo
0748,4099874.341,568766.539,1.933,topo
0749,4099871.254,568769.686,1.980,topo
0750,4099877.306,568772.387,1.962,topo
0751,4099879.354,568770.166,1.906,topo
0752,4099867.723,568773.432,2.027,topo
0753,4099858.308,568769.421,2.020,topo
0754,4099856.563,568774.052,2.004,topo
0755,4099848.924,568772.136,2.096,topo
0756,4099849.662,568767.862,2.006,topo
0757,4099855.607,568763.051,1.889,topo
0758,4099858.736,568761.860,1.861,topo
0759,4099843.066,568760.032,1.954,topo
0760,4099833.505,568758.712,1.999,topo
0761,4099834.960,568766.460,1.784,topo
0762,4099837.984,568764.709,1.972,topo
0763,4099825.704,568762.271,1.830,topo
0764,4099817.121,568750.860,2.088,topo
0765,4099811.853,568743.111,2.203,topo
0766,4099810.759,568746.784,2.140,topo
0767,4099803.916,568748.406,1.999,topo
0768,4099804.734,568744.716,2.151,topo
0769,4099810.023,568747.880,2.109,topo
0770,4099809.538,568750.237,2.027,topo
0771,4099810.624,568761.905,2.719,wse
0772,4099807.238,568760.299,2.683,wse
0773,4099807.215,568760.290,2.694,wse
0774,4099804.424,568758.582,2.691,wse
0775,4099797.119,568753.885,2.671,wse
0776,4099792.301,568750.041,2.697,wse
0777,4099786.924,568748.076,2.731,wse
0778,4099781.421,568743.179,2.751,wse
0779,4099775.593,568735.725,2.724,wse
0780,4099771.994,568730.879,2.733,wse
0781,4099768.516,568725.457,2.657,wse
0782,4099765.978,568721.188,2.710,wse
0783,4099763.567,568717.383,2.674,wse
0784,4099760.982,568713.858,2.700,wse
0785,4099758.005,568708.829,2.679,wse
0786,4099756.075,568705.087,2.674,wse
0787,4099753.111,568698.461,2.708,wse
0788,4099750.950,568694.180,2.674,wse
0789,4099747.386,568689.234,2.700,wse
0790,4099745.820,568685.081,2.699,wse
0791,4099744.995,568682.102,2.793,wse
0792,4099748.072,568676.925,2.719,wse
0793,4099748.454,568674.000,2.679,wse
0794,4099748.520,568674.119,2.651,wse
0795,4099747.234,568671.755,2.686,wse
0796,4099721.636,568601.554,2.679,wse
0797,4099647.267,568579.166,7.890,cp01
0798,4099625.978,568598.690,8.198,topo
